<environmentvariabledefinition schemaname="cr8c9_VARAudienceIDGUID">
  <description default="Used in HTTP AAD Authentication">
    <label description="Used in HTTP AAD Authentication" languagecode="1033" />
  </description>
  <displayname default="VAR | Audience ID GUID">
    <label description="VAR | Audience ID GUID" languagecode="1033" />
  </displayname>
  <introducedversion>1.0.0.9</introducedversion>
  <iscustomizable>1</iscustomizable>
  <isrequired>0</isrequired>
  <secretstore>0</secretstore>
  <type>100000000</type>
</environmentvariabledefinition>