<environmentvariabledefinition schemaname="cr8c9_VARSPORegionAdminsList">
  <apiid>/providers/microsoft.powerapps/apis/shared_sharepointonline</apiid>
  <description default="Definition of the SPO list which holds the Region Admins">
    <label description="Definition of the SPO list which holds the Region Admins" languagecode="1033" />
  </description>
  <displayname default="VAR | SPO Region Admins List">
    <label description="VAR | SPO Region Admins List" languagecode="1033" />
  </displayname>
  <introducedversion>1.0.0.1</introducedversion>
  <iscustomizable>1</iscustomizable>
  <isrequired>0</isrequired>
  <parameterkey>table</parameterkey>
  <parentdefinitionid>
    <schemaname>cr8c9_PhoneSystemAdminSPOSite</schemaname>
  </parentdefinitionid>
  <secretstore>0</secretstore>
  <type>100000004</type>
</environmentvariabledefinition>