<environmentvariabledefinition schemaname="cr8c9_PhoneSystemAdminSPOSite">
  <apiid>/providers/microsoft.powerapps/apis/shared_sharepointonline</apiid>
  <description default="SharePoint Online site where the admin lists are created">
    <label description="SharePoint Online site where the admin lists are created" languagecode="1033" />
  </description>
  <displayname default="VAR | Phone System Admin SPO Site">
    <label description="VAR | Phone System Admin SPO Site" languagecode="1033" />
  </displayname>
  <introducedversion>1.0.0.1</introducedversion>
  <iscustomizable>1</iscustomizable>
  <isrequired>0</isrequired>
  <parameterkey>dataset</parameterkey>
  <secretstore>0</secretstore>
  <type>100000004</type>
</environmentvariabledefinition>