<environmentvariabledefinition schemaname="cr8c9_VARClientIDGUID">
  <description default="Client app ID">
    <label description="Client app ID" languagecode="1033" />
  </description>
  <displayname default="VAR | Client ID GUID">
    <label description="VAR | Client ID GUID" languagecode="1033" />
  </displayname>
  <introducedversion>1.0.0.9</introducedversion>
  <iscustomizable>1</iscustomizable>
  <isrequired>0</isrequired>
  <secretstore>0</secretstore>
  <type>100000000</type>
</environmentvariabledefinition>