<ImportExportXml xmlns:xsi="http://www.w3.org/2001/XMLSchema-instance">
  <Entities></Entities>
  <Roles></Roles>
  <Workflows>
    <Workflow WorkflowId="{a88b82ba-9e56-ec11-8f8f-0022486fa2eb}" Name="Get-csOnlineDialOutPolicy">
      <JsonFileName>/Workflows/Get-csOnlineDialOutPolicy-A88B82BA-9E56-EC11-8F8F-0022486FA2EB.json</JsonFileName>
      <Type>1</Type>
      <Subprocess>0</Subprocess>
      <Category>5</Category>
      <Mode>0</Mode>
      <Scope>4</Scope>
      <OnDemand>0</OnDemand>
      <TriggerOnCreate>0</TriggerOnCreate>
      <TriggerOnDelete>0</TriggerOnDelete>
      <AsyncAutodelete>0</AsyncAutodelete>
      <SyncWorkflowLogOnFailure>0</SyncWorkflowLogOnFailure>
      <StateCode>1</StateCode>
      <StatusCode>2</StatusCode>
      <RunAs>1</RunAs>
      <IsTransacted>1</IsTransacted>
      <IntroducedVersion>1.0.0.0</IntroducedVersion>
      <IsCustomizable>1</IsCustomizable>
      <BusinessProcessType>0</BusinessProcessType>
      <IsCustomProcessingStepAllowedForOtherPublishers>1</IsCustomProcessingStepAllowedForOtherPublishers>
      <PrimaryEntity>none</PrimaryEntity>
      <LocalizedNames>
        <LocalizedName languagecode="1033" description="Get-csOnlineDialOutPolicy" />
      </LocalizedNames>
    </Workflow>
    <Workflow WorkflowId="{cac79608-9f56-ec11-8f8f-0022486fa2eb}" Name="Grant-csDialoutPolicy">
      <JsonFileName>/Workflows/Grant-csDialoutPolicy-CAC79608-9F56-EC11-8F8F-0022486FA2EB.json</JsonFileName>
      <Type>1</Type>
      <Subprocess>0</Subprocess>
      <Category>5</Category>
      <Mode>0</Mode>
      <Scope>4</Scope>
      <OnDemand>0</OnDemand>
      <TriggerOnCreate>0</TriggerOnCreate>
      <TriggerOnDelete>0</TriggerOnDelete>
      <AsyncAutodelete>0</AsyncAutodelete>
      <SyncWorkflowLogOnFailure>0</SyncWorkflowLogOnFailure>
      <StateCode>1</StateCode>
      <StatusCode>2</StatusCode>
      <RunAs>1</RunAs>
      <IsTransacted>1</IsTransacted>
      <IntroducedVersion>1.0.0.0</IntroducedVersion>
      <IsCustomizable>1</IsCustomizable>
      <BusinessProcessType>0</BusinessProcessType>
      <IsCustomProcessingStepAllowedForOtherPublishers>1</IsCustomProcessingStepAllowedForOtherPublishers>
      <PrimaryEntity>none</PrimaryEntity>
      <LocalizedNames>
        <LocalizedName languagecode="1033" description="Grant-csDialoutPolicy" />
      </LocalizedNames>
    </Workflow>
    <Workflow WorkflowId="{014466ec-4754-ec11-8f8e-0022486fa423}" Name="Set-csOnlineVoiceUser-Unassign">
      <JsonFileName>/Workflows/Set-csOnlineVoiceUser-Unassign-014466EC-4754-EC11-8F8E-0022486FA423.json</JsonFileName>
      <Type>1</Type>
      <Subprocess>0</Subprocess>
      <Category>5</Category>
      <Mode>0</Mode>
      <Scope>4</Scope>
      <OnDemand>0</OnDemand>
      <TriggerOnCreate>0</TriggerOnCreate>
      <TriggerOnDelete>0</TriggerOnDelete>
      <AsyncAutodelete>0</AsyncAutodelete>
      <SyncWorkflowLogOnFailure>0</SyncWorkflowLogOnFailure>
      <StateCode>1</StateCode>
      <StatusCode>2</StatusCode>
      <RunAs>1</RunAs>
      <IsTransacted>1</IsTransacted>
      <IntroducedVersion>1.0.0.0</IntroducedVersion>
      <IsCustomizable>1</IsCustomizable>
      <BusinessProcessType>0</BusinessProcessType>
      <IsCustomProcessingStepAllowedForOtherPublishers>1</IsCustomProcessingStepAllowedForOtherPublishers>
      <PrimaryEntity>none</PrimaryEntity>
      <LocalizedNames>
        <LocalizedName languagecode="1033" description="Set-csOnlineVoiceUser-Unassign" />
      </LocalizedNames>
    </Workflow>
    <Workflow WorkflowId="{024466ec-4754-ec11-8f8e-0022486fa423}" Name="Get-userInfo">
      <JsonFileName>/Workflows/Get-userInfo-024466EC-4754-EC11-8F8E-0022486FA423.json</JsonFileName>
      <Type>1</Type>
      <Subprocess>0</Subprocess>
      <Category>5</Category>
      <Mode>0</Mode>
      <Scope>4</Scope>
      <OnDemand>0</OnDemand>
      <TriggerOnCreate>0</TriggerOnCreate>
      <TriggerOnDelete>0</TriggerOnDelete>
      <AsyncAutodelete>0</AsyncAutodelete>
      <SyncWorkflowLogOnFailure>0</SyncWorkflowLogOnFailure>
      <StateCode>1</StateCode>
      <StatusCode>2</StatusCode>
      <RunAs>1</RunAs>
      <IsTransacted>1</IsTransacted>
      <IntroducedVersion>1.0.0.0</IntroducedVersion>
      <IsCustomizable>1</IsCustomizable>
      <BusinessProcessType>0</BusinessProcessType>
      <IsCustomProcessingStepAllowedForOtherPublishers>1</IsCustomProcessingStepAllowedForOtherPublishers>
      <PrimaryEntity>none</PrimaryEntity>
      <LocalizedNames>
        <LocalizedName languagecode="1033" description="Get-userInfo" />
      </LocalizedNames>
    </Workflow>
    <Workflow WorkflowId="{034466ec-4754-ec11-8f8e-0022486fa423}" Name="Grant-csTeamsCallingPolicy">
      <JsonFileName>/Workflows/Grant-csTeamsCallingPolicy-034466EC-4754-EC11-8F8E-0022486FA423.json</JsonFileName>
      <Type>1</Type>
      <Subprocess>0</Subprocess>
      <Category>5</Category>
      <Mode>0</Mode>
      <Scope>4</Scope>
      <OnDemand>0</OnDemand>
      <TriggerOnCreate>0</TriggerOnCreate>
      <TriggerOnDelete>0</TriggerOnDelete>
      <AsyncAutodelete>0</AsyncAutodelete>
      <SyncWorkflowLogOnFailure>0</SyncWorkflowLogOnFailure>
      <StateCode>1</StateCode>
      <StatusCode>2</StatusCode>
      <RunAs>1</RunAs>
      <IsTransacted>1</IsTransacted>
      <IntroducedVersion>1.0.0.0</IntroducedVersion>
      <IsCustomizable>1</IsCustomizable>
      <BusinessProcessType>0</BusinessProcessType>
      <IsCustomProcessingStepAllowedForOtherPublishers>1</IsCustomProcessingStepAllowedForOtherPublishers>
      <PrimaryEntity>none</PrimaryEntity>
      <LocalizedNames>
        <LocalizedName languagecode="1033" description="Grant-csTeamsCallingPolicy" />
      </LocalizedNames>
    </Workflow>
    <Workflow WorkflowId="{044466ec-4754-ec11-8f8e-0022486fa423}" Name="Get-csOnlineTelNumber">
      <JsonFileName>/Workflows/Get-csOnlineTelNumber-044466EC-4754-EC11-8F8E-0022486FA423.json</JsonFileName>
      <Type>1</Type>
      <Subprocess>0</Subprocess>
      <Category>5</Category>
      <Mode>0</Mode>
      <Scope>4</Scope>
      <OnDemand>0</OnDemand>
      <TriggerOnCreate>0</TriggerOnCreate>
      <TriggerOnDelete>0</TriggerOnDelete>
      <AsyncAutodelete>0</AsyncAutodelete>
      <SyncWorkflowLogOnFailure>0</SyncWorkflowLogOnFailure>
      <StateCode>1</StateCode>
      <StatusCode>2</StatusCode>
      <RunAs>1</RunAs>
      <IsTransacted>1</IsTransacted>
      <IntroducedVersion>1.0.0.0</IntroducedVersion>
      <IsCustomizable>1</IsCustomizable>
      <BusinessProcessType>0</BusinessProcessType>
      <IsCustomProcessingStepAllowedForOtherPublishers>1</IsCustomProcessingStepAllowedForOtherPublishers>
      <PrimaryEntity>none</PrimaryEntity>
      <LocalizedNames>
        <LocalizedName languagecode="1033" description="Get-csOnlineTelNumber" />
      </LocalizedNames>
    </Workflow>
    <Workflow WorkflowId="{1a4466ec-4754-ec11-8f8e-0022486fa423}" Name="Get-csTeamsCallingPolicy">
      <JsonFileName>/Workflows/Get-csTeamsCallingPolicy-1A4466EC-4754-EC11-8F8E-0022486FA423.json</JsonFileName>
      <Type>1</Type>
      <Subprocess>0</Subprocess>
      <Category>5</Category>
      <Mode>0</Mode>
      <Scope>4</Scope>
      <OnDemand>0</OnDemand>
      <TriggerOnCreate>0</TriggerOnCreate>
      <TriggerOnDelete>0</TriggerOnDelete>
      <AsyncAutodelete>0</AsyncAutodelete>
      <SyncWorkflowLogOnFailure>0</SyncWorkflowLogOnFailure>
      <StateCode>1</StateCode>
      <StatusCode>2</StatusCode>
      <RunAs>1</RunAs>
      <IsTransacted>1</IsTransacted>
      <IntroducedVersion>1.0.0.0</IntroducedVersion>
      <IsCustomizable>1</IsCustomizable>
      <BusinessProcessType>0</BusinessProcessType>
      <IsCustomProcessingStepAllowedForOtherPublishers>1</IsCustomProcessingStepAllowedForOtherPublishers>
      <PrimaryEntity>none</PrimaryEntity>
      <LocalizedNames>
        <LocalizedName languagecode="1033" description="Get-csTeamsCallingPolicy" />
      </LocalizedNames>
    </Workflow>
    <Workflow WorkflowId="{2c4466ec-4754-ec11-8f8e-0022486fa423}" Name="Set-csOnlineVoiceUser">
      <JsonFileName>/Workflows/Set-csOnlineVoiceUser-2C4466EC-4754-EC11-8F8E-0022486FA423.json</JsonFileName>
      <Type>1</Type>
      <Subprocess>0</Subprocess>
      <Category>5</Category>
      <Mode>0</Mode>
      <Scope>4</Scope>
      <OnDemand>0</OnDemand>
      <TriggerOnCreate>0</TriggerOnCreate>
      <TriggerOnDelete>0</TriggerOnDelete>
      <AsyncAutodelete>0</AsyncAutodelete>
      <SyncWorkflowLogOnFailure>0</SyncWorkflowLogOnFailure>
      <StateCode>1</StateCode>
      <StatusCode>2</StatusCode>
      <RunAs>1</RunAs>
      <IsTransacted>1</IsTransacted>
      <IntroducedVersion>1.0.0.0</IntroducedVersion>
      <IsCustomizable>1</IsCustomizable>
      <BusinessProcessType>0</BusinessProcessType>
      <IsCustomProcessingStepAllowedForOtherPublishers>1</IsCustomProcessingStepAllowedForOtherPublishers>
      <PrimaryEntity>none</PrimaryEntity>
      <LocalizedNames>
        <LocalizedName languagecode="1033" description="Set-csOnlineVoiceUser" />
      </LocalizedNames>
    </Workflow>
    <Workflow WorkflowId="{3991b5b0-4954-ec11-8f8e-0022486fa423}" Name="START | Create admin lists" Description="You need to edit the SharePoint Online site URL in this Flow to match the SPO Team site you created (called 'PhoneSystemAdmins'). Also you can set the different regions (e.g. FR, US) here - but these can be changed later via SharePoint if you need.">
      <JsonFileName>/Workflows/STARTCreateadminlists-3991B5B0-4954-EC11-8F8E-0022486FA423.json</JsonFileName>
      <Type>1</Type>
      <Subprocess>0</Subprocess>
      <Category>5</Category>
      <Mode>0</Mode>
      <Scope>4</Scope>
      <OnDemand>0</OnDemand>
      <TriggerOnCreate>0</TriggerOnCreate>
      <TriggerOnDelete>0</TriggerOnDelete>
      <AsyncAutodelete>0</AsyncAutodelete>
      <SyncWorkflowLogOnFailure>0</SyncWorkflowLogOnFailure>
      <StateCode>1</StateCode>
      <StatusCode>2</StatusCode>
      <RunAs>1</RunAs>
      <IsTransacted>1</IsTransacted>
      <IntroducedVersion>1.0.0.0</IntroducedVersion>
      <IsCustomizable>1</IsCustomizable>
      <BusinessProcessType>0</BusinessProcessType>
      <IsCustomProcessingStepAllowedForOtherPublishers>1</IsCustomProcessingStepAllowedForOtherPublishers>
      <PrimaryEntity>none</PrimaryEntity>
      <LocalizedNames>
        <LocalizedName languagecode="1033" description="START | Create admin lists" />
      </LocalizedNames>
      <Descriptions>
        <Description languagecode="1033" description="You need to edit the SharePoint Online site URL in this Flow to match the SPO Team site you created (called 'PhoneSystemAdmins'). Also you can set the different regions (e.g. FR, US) here - but these can be changed later via SharePoint if you need." />
      </Descriptions>
    </Workflow>
  </Workflows>
  <FieldSecurityProfiles></FieldSecurityProfiles>
  <Templates />
  <EntityMaps />
  <EntityRelationships />
  <OrganizationSettings />
  <optionsets />
  <CustomControls />
  <EntityDataProviders />
  <CanvasApps>
    <CanvasApp>
      <Name>cr8c9_phonesystemadmin_262d8</Name>
      <AppVersion>2022-03-03T11:09:07Z</AppVersion>
      <Status>Ready</Status>
      <CreatedByClientVersion>3.22022.23.0</CreatedByClientVersion>
      <MinClientVersion>3.22022.23.0</MinClientVersion>
      <Tags>{"primaryDeviceWidth":"1366","primaryDeviceHeight":"768","sienaVersion":"d3a6b1b2-76a3-4f53-90da-6652f706eac4","deviceCapabilities":"","supportsPortrait":"true","supportsLandscape":"true","primaryFormFactor":"Tablet","publisherVersion":"3.22022.23","minimumRequiredApiVersion":"2.2.0","hasComponent":"false","hasUnlockedComponent":"false","isUnifiedRootApp":"false"}</Tags>
      <IsCdsUpgraded>0</IsCdsUpgraded>
      <GalleryItemId xsi:nil="true"></GalleryItemId>
      <BackgroundColor>RGBA(0,176,240,1)</BackgroundColor>
      <DisplayName>Phone system admin</DisplayName>
      <Description xsi:nil="true"></Description>
      <CommitMessage xsi:nil="true"></CommitMessage>
      <Publisher xsi:nil="true"></Publisher>
      <AuthorizationReferences>[]</AuthorizationReferences>
      <ConnectionReferences>{"ebc26d52-094d-465b-992a-68cf671b9603":{"id":"/providers/microsoft.powerapps/apis/shared_office365users","displayName":"Office 365 Users","iconUri":"https://connectoricons-prod.azureedge.net/releases/v1.0.1551/1.0.1551.2693/office365users/icon.png","dataSources":["Office365Users"],"dependencies":[],"dependents":[],"parameterHints":{},"parameterHintsV2":{},"isOnPremiseConnection":false,"bypassConsent":false,"dataSets":{},"apiTier":"Standard","actions":["MyProfileV2","UserPhotoV2","SearchUser"]},"5966566b-4ea1-42fe-a5c5-ee80c5839471":{"id":"/providers/microsoft.powerapps/apis/shared_logicflows","displayName":"Logic flows","iconUri":"https://connectoricons-prod.azureedge.net/releases/v1.0.1534/1.0.1534.2605/logicflows/icon.png","dataSources":["Get-userInfo"],"dependencies":["b9fbf7e7-7caa-4508-8c5b-31dc67f4327d"],"dependents":[],"parameterHints":{"workflowName":{"value":"39a17876-107b-4d62-b5cd-9dc7d7ce21d2"},"workflowEntityId":{"value":"024466ec-4754-ec11-8f8e-0022486fa423"},"b9fbf7e7-7caa-4508-8c5b-31dc67f4327d":{"value":"shared_keyvault"}},"parameterHintsV2":{"workflowName":{"value":"39a17876-107b-4d62-b5cd-9dc7d7ce21d2"},"workflowEntityId":{"value":"024466ec-4754-ec11-8f8e-0022486fa423"},"shared_keyvault":{"value":"b9fbf7e7-7caa-4508-8c5b-31dc67f4327d"}},"isOnPremiseConnection":false,"bypassConsent":false,"dataSets":{},"apiTier":"Standard","actions":["Run"]},"b9fbf7e7-7caa-4508-8c5b-31dc67f4327d":{"id":"/providers/microsoft.powerapps/apis/shared_keyvault","displayName":"Azure Key Vault","iconUri":"https://connectoricons-prod.azureedge.net/releases/v1.0.1550/1.0.1550.2686/keyvault/icon.png","dataSources":[],"dependencies":[],"dependents":["5966566b-4ea1-42fe-a5c5-ee80c5839471","b03fa655-85f7-4903-8f24-c63913ca60eb","fcc84f94-18e1-469c-879a-4fe700bfd76a","d1eda1fe-8052-42e0-97a4-9984a5afa50f","88ce6565-24e9-4cb8-976e-8bd211ba9fce","9ce849b9-66e7-423f-8838-e163fa6ea93e","1d3b6d76-e79e-48d9-84a4-80cec075d0b9","06c9a6fa-e6ba-47b4-b7f3-465e41ef84e1"],"parameterHints":{},"parameterHintsV2":{},"isOnPremiseConnection":false,"bypassConsent":false,"dataSets":{},"apiTier":"Premium"},"b03fa655-85f7-4903-8f24-c63913ca60eb":{"id":"/providers/microsoft.powerapps/apis/shared_logicflows","displayName":"Logic flows","iconUri":"https://connectoricons-prod.azureedge.net/releases/v1.0.1534/1.0.1534.2605/logicflows/icon.png","dataSources":["Get-csOnlineTelNumber"],"dependencies":["b9fbf7e7-7caa-4508-8c5b-31dc67f4327d"],"dependents":[],"parameterHints":{"workflowName":{"value":"7e360ec5-9728-402b-a3f8-1606d430d25c"},"workflowEntityId":{"value":"044466ec-4754-ec11-8f8e-0022486fa423"},"b9fbf7e7-7caa-4508-8c5b-31dc67f4327d":{"value":"shared_keyvault"}},"parameterHintsV2":{"workflowName":{"value":"7e360ec5-9728-402b-a3f8-1606d430d25c"},"workflowEntityId":{"value":"044466ec-4754-ec11-8f8e-0022486fa423"},"shared_keyvault":{"value":"b9fbf7e7-7caa-4508-8c5b-31dc67f4327d"}},"isOnPremiseConnection":false,"bypassConsent":false,"dataSets":{},"apiTier":"Standard","actions":["Run"]},"fcc84f94-18e1-469c-879a-4fe700bfd76a":{"id":"/providers/microsoft.powerapps/apis/shared_logicflows","displayName":"Logic flows","iconUri":"https://connectoricons-prod.azureedge.net/releases/v1.0.1534/1.0.1534.2605/logicflows/icon.png","dataSources":["Get-csTeamsCallingPolicy"],"dependencies":["b9fbf7e7-7caa-4508-8c5b-31dc67f4327d"],"dependents":[],"parameterHints":{"workflowName":{"value":"a080421c-9012-44d1-87e8-63d4d0210db0"},"workflowEntityId":{"value":"1a4466ec-4754-ec11-8f8e-0022486fa423"},"b9fbf7e7-7caa-4508-8c5b-31dc67f4327d":{"value":"shared_keyvault"}},"parameterHintsV2":{"workflowName":{"value":"a080421c-9012-44d1-87e8-63d4d0210db0"},"workflowEntityId":{"value":"1a4466ec-4754-ec11-8f8e-0022486fa423"},"shared_keyvault":{"value":"b9fbf7e7-7caa-4508-8c5b-31dc67f4327d"}},"isOnPremiseConnection":false,"bypassConsent":false,"dataSets":{},"apiTier":"Standard","actions":["Run"]},"d1eda1fe-8052-42e0-97a4-9984a5afa50f":{"id":"/providers/microsoft.powerapps/apis/shared_logicflows","displayName":"Logic flows","iconUri":"https://connectoricons-prod.azureedge.net/releases/v1.0.1534/1.0.1534.2605/logicflows/icon.png","dataSources":["Grant-csTeamsCallingPolicy"],"dependencies":["b9fbf7e7-7caa-4508-8c5b-31dc67f4327d"],"dependents":[],"parameterHints":{"workflowName":{"value":"de086468-ab8a-4b23-ab37-0247049917c7"},"workflowEntityId":{"value":"034466ec-4754-ec11-8f8e-0022486fa423"},"b9fbf7e7-7caa-4508-8c5b-31dc67f4327d":{"value":"shared_keyvault"}},"parameterHintsV2":{"workflowName":{"value":"de086468-ab8a-4b23-ab37-0247049917c7"},"workflowEntityId":{"value":"034466ec-4754-ec11-8f8e-0022486fa423"},"shared_keyvault":{"value":"b9fbf7e7-7caa-4508-8c5b-31dc67f4327d"}},"isOnPremiseConnection":false,"bypassConsent":false,"dataSets":{},"apiTier":"Standard","actions":["Run"]},"88ce6565-24e9-4cb8-976e-8bd211ba9fce":{"id":"/providers/microsoft.powerapps/apis/shared_logicflows","displayName":"Logic flows","iconUri":"https://connectoricons-prod.azureedge.net/releases/v1.0.1534/1.0.1534.2605/logicflows/icon.png","dataSources":["Set-csOnlineVoiceUser-Unassign"],"dependencies":["b9fbf7e7-7caa-4508-8c5b-31dc67f4327d"],"dependents":[],"parameterHints":{"workflowName":{"value":"d3acc418-d9c5-4061-8789-cac14309643c"},"workflowEntityId":{"value":"014466ec-4754-ec11-8f8e-0022486fa423"},"b9fbf7e7-7caa-4508-8c5b-31dc67f4327d":{"value":"shared_keyvault"}},"parameterHintsV2":{"workflowName":{"value":"d3acc418-d9c5-4061-8789-cac14309643c"},"workflowEntityId":{"value":"014466ec-4754-ec11-8f8e-0022486fa423"},"shared_keyvault":{"value":"b9fbf7e7-7caa-4508-8c5b-31dc67f4327d"}},"isOnPremiseConnection":false,"bypassConsent":false,"dataSets":{},"apiTier":"Standard","actions":["Run"]},"9ce849b9-66e7-423f-8838-e163fa6ea93e":{"id":"/providers/microsoft.powerapps/apis/shared_logicflows","displayName":"Logic flows","iconUri":"https://connectoricons-prod.azureedge.net/releases/v1.0.1534/1.0.1534.2605/logicflows/icon.png","dataSources":["Set-csOnlineVoiceUser"],"dependencies":["b9fbf7e7-7caa-4508-8c5b-31dc67f4327d"],"dependents":[],"parameterHints":{"workflowName":{"value":"4044aa1f-b142-4da5-804f-5b48ff7c4548"},"workflowEntityId":{"value":"2c4466ec-4754-ec11-8f8e-0022486fa423"},"b9fbf7e7-7caa-4508-8c5b-31dc67f4327d":{"value":"shared_keyvault"}},"parameterHintsV2":{"workflowName":{"value":"4044aa1f-b142-4da5-804f-5b48ff7c4548"},"workflowEntityId":{"value":"2c4466ec-4754-ec11-8f8e-0022486fa423"},"shared_keyvault":{"value":"b9fbf7e7-7caa-4508-8c5b-31dc67f4327d"}},"isOnPremiseConnection":false,"bypassConsent":false,"dataSets":{},"apiTier":"Standard","actions":["Run"]},"1d3b6d76-e79e-48d9-84a4-80cec075d0b9":{"id":"/providers/microsoft.powerapps/apis/shared_logicflows","displayName":"Logic flows","iconUri":"https://connectoricons-prod.azureedge.net/releases/v1.0.1534/1.0.1534.2605/logicflows/icon.png","dataSources":["Grant-csDialoutPolicy"],"dependencies":["b9fbf7e7-7caa-4508-8c5b-31dc67f4327d"],"dependents":[],"parameterHints":{"workflowName":{"value":"a5459be1-632b-40cf-a833-cca15027ba94"},"workflowEntityId":{"value":"cac79608-9f56-ec11-8f8f-0022486fa2eb"},"b9fbf7e7-7caa-4508-8c5b-31dc67f4327d":{"value":"shared_keyvault"}},"parameterHintsV2":{"workflowName":{"value":"a5459be1-632b-40cf-a833-cca15027ba94"},"workflowEntityId":{"value":"cac79608-9f56-ec11-8f8f-0022486fa2eb"},"shared_keyvault":{"value":"b9fbf7e7-7caa-4508-8c5b-31dc67f4327d"}},"isOnPremiseConnection":false,"bypassConsent":false,"dataSets":{},"apiTier":"Standard","actions":["Run"]},"29346428-d12a-4449-9fb3-a7ee41b6ceb1":{"id":"/providers/microsoft.powerapps/apis/shared_sharepointonline","displayName":"SharePoint","iconUri":"https://connectoricons-prod.azureedge.net/releases/v1.0.1554/1.0.1554.2707/sharepointonline/icon.png","dataSources":["VAR | SPO Region Admins List","VAR | SPO User-Change-Request list"],"dependencies":[],"dependents":[],"parameterHints":{},"parameterHintsV2":{},"isOnPremiseConnection":false,"bypassConsent":false,"dataSets":{"https://m365x199184.sharepoint.com/sites/PhoneSystemAdmin":{"datasetOverride":{"name":"https://m365x199184.sharepoint.com/sites/PhoneSystemAdmin","environmentVariableName":"cr8c9_PhoneSystemAdminSPOSite"},"dataSources":{"VAR | SPO Region Admins List":{"tableName":"08d224cf-26f7-43a0-956a-f0b20c24ecff","tableNameOverride":{"name":"08d224cf-26f7-43a0-956a-f0b20c24ecff","environmentVariableName":"cr8c9_VARSPORegionAdminsList"}},"VAR | SPO User-Change-Request list":{"tableName":"ba7ce96e-e3eb-4e74-9962-ea28e4b00875","tableNameOverride":{"name":"ba7ce96e-e3eb-4e74-9962-ea28e4b00875","environmentVariableName":"cr8c9_VARSPOUserChangeRequestlist"}}}}},"apiTier":"Standard","actions":["providers/PowerPlatform.Governance/Operations/Read"]},"06c9a6fa-e6ba-47b4-b7f3-465e41ef84e1":{"id":"/providers/microsoft.powerapps/apis/shared_logicflows","displayName":"Logic flows","iconUri":"https://connectoricons-prod.azureedge.net/releases/v1.0.1534/1.0.1534.2605/logicflows/icon.png","dataSources":["Get-csOnlineDialOutPolicy"],"dependencies":["b9fbf7e7-7caa-4508-8c5b-31dc67f4327d"],"dependents":[],"parameterHints":{"workflowName":{"value":"39f3feae-f8ef-4d9e-88bd-be0b1f317521"},"workflowEntityId":{"value":"a88b82ba-9e56-ec11-8f8f-0022486fa2eb"},"b9fbf7e7-7caa-4508-8c5b-31dc67f4327d":{"value":"shared_keyvault"}},"parameterHintsV2":{"workflowName":{"value":"39f3feae-f8ef-4d9e-88bd-be0b1f317521"},"workflowEntityId":{"value":"a88b82ba-9e56-ec11-8f8f-0022486fa2eb"},"shared_keyvault":{"value":"b9fbf7e7-7caa-4508-8c5b-31dc67f4327d"}},"isOnPremiseConnection":false,"bypassConsent":false,"dataSets":{},"apiTier":"Standard","actions":["Run"]}}</ConnectionReferences>
      <DatabaseReferences>{}</DatabaseReferences>
      <AppComponents>[]</AppComponents>
      <AppComponentDependencies>[]</AppComponentDependencies>
      <CanConsumeAppPass>1</CanConsumeAppPass>
      <CanvasAppType>0</CanvasAppType>
      <BypassConsent>0</BypassConsent>
      <AdminControlBypassConsent>0</AdminControlBypassConsent>
      <EmbeddedApp xsi:nil="true"></EmbeddedApp>
      <IntroducedVersion>1.0</IntroducedVersion>
      <CdsDependencies>{"cdsdependencies":[{"logicalname":"cr8c9_PhoneSystemAdminSPOSite","componenttype":380,"componenttypeplatformname":"EnvironmentVariableDefinition"},{"logicalname":"cr8c9_VARSPORegionAdminsList","componenttype":380,"componenttypeplatformname":"EnvironmentVariableDefinition"},{"logicalname":"cr8c9_VARSPOUserChangeRequestlist","componenttype":380,"componenttypeplatformname":"EnvironmentVariableDefinition"}]}</CdsDependencies>
      <IsCustomizable>1</IsCustomizable>
      <BackgroundImageUri>/CanvasApps/cr8c9_phonesystemadmin_262d8_BackgroundImageUri</BackgroundImageUri>
      <DocumentUri>/CanvasApps/cr8c9_phonesystemadmin_262d8_DocumentUri.msapp</DocumentUri>
    </CanvasApp>
  </CanvasApps>
  <connectionreferences>
    <connectionreference connectionreferencelogicalname="cr8c9_CONSPOConnectionReference">
      <connectionreferencedisplayname>CON | SPO Connection Reference </connectionreferencedisplayname>
      <connectorid>/providers/Microsoft.PowerApps/apis/shared_sharepointonline</connectorid>
      <iscustomizable>1</iscustomizable>
      <statecode>0</statecode>
      <statuscode>1</statuscode>
    </connectionreference>
    <connectionreference connectionreferencelogicalname="cr8c9_sharedkeyvault_348cf">
      <connectionreferencedisplayname>CON | Azure Key Vault</connectionreferencedisplayname>
      <connectorid>/providers/Microsoft.PowerApps/apis/shared_keyvault</connectorid>
      <iscustomizable>1</iscustomizable>
      <statecode>0</statecode>
      <statuscode>1</statuscode>
    </connectionreference>
    <connectionreference connectionreferencelogicalname="cr8c9_sharedsharepointonline_b47b3">
      <connectionreferencedisplayname>CON | SharePoint Online</connectionreferencedisplayname>
      <connectorid>/providers/Microsoft.PowerApps/apis/shared_sharepointonline</connectorid>
      <iscustomizable>1</iscustomizable>
      <statecode>0</statecode>
      <statuscode>1</statuscode>
    </connectionreference>
  </connectionreferences>
  <Languages>
    <Language>1033</Language>
  </Languages>
</ImportExportXml>