<environmentvariabledefinition schemaname="cr8c9_VARSPOUserChangeRequestlist">
  <apiid>/providers/microsoft.powerapps/apis/shared_sharepointonline</apiid>
  <description default="Definition of change log SPO list">
    <label description="Definition of change log SPO list" languagecode="1033" />
  </description>
  <displayname default="VAR | SPO User-Change-Request list">
    <label description="VAR | SPO User-Change-Request list" languagecode="1033" />
  </displayname>
  <introducedversion>1.0.0.1</introducedversion>
  <iscustomizable>1</iscustomizable>
  <isrequired>0</isrequired>
  <parameterkey>table</parameterkey>
  <parentdefinitionid>
    <schemaname>cr8c9_PhoneSystemAdminSPOSite</schemaname>
  </parentdefinitionid>
  <secretstore>0</secretstore>
  <type>100000004</type>
</environmentvariabledefinition>