{"properties":{"connectionReferences":{"shared_keyvault":{"runtimeSource":"invoker","connection":{"connectionReferenceLogicalName":"cr8c9_sharedkeyvault_348cf"},"api":{"name":"shared_keyvault"}}},"definition":{"$schema":"https://schema.management.azure.com/providers/Microsoft.Logic/schemas/2016-06-01/workflowdefinition.json#","contentVersion":"1.0.0.0","parameters":{"$connections":{"defaultValue":{},"type":"Object"},"$authentication":{"defaultValue":{},"type":"SecureObject"},"VAR | API URL (cr8c9_varAPIurl)":{"defaultValue":"https://tpm-vnext-6cdgs.azurewebsites.net","type":"String","metadata":{"schemaName":"cr8c9_varAPIurl","description":"The base URL for the Azure Function API"}},"VAR | API Key (cr8c9_VARAPIKey)":{"defaultValue":"T8k9WligEt6y/armzaQiIa1O/HfNHZSFNpD4xor5XNPGlyIoXLIvkw==","type":"String","metadata":{"schemaName":"cr8c9_VARAPIKey"}},"VAR | Tenant ID GUID (cr8c9_VARTenantIDGUID)":{"defaultValue":"153017a8-f318-49c2-a8e2-463465842b89","type":"String","metadata":{"schemaName":"cr8c9_VARTenantIDGUID","description":"Your Azure AD Tenant ID"}},"VAR | Audience ID GUID (cr8c9_VARAudienceIDGUID)":{"defaultValue":"48d08c33-8a06-48a4-b0c8-36bfcc2dea1f","type":"String","metadata":{"schemaName":"cr8c9_VARAudienceIDGUID","description":"Used in HTTP AAD Authentication"}},"VAR | Client ID GUID (cr8c9_VARClientIDGUID)":{"defaultValue":"48d08c33-8a06-48a4-b0c8-36bfcc2dea1f","type":"String","metadata":{"schemaName":"cr8c9_VARClientIDGUID","description":"Client app ID"}}},"triggers":{"manual":{"metadata":{"operationMetadataId":"4c90332c-cce0-47ea-a6ec-168396536a9e"},"type":"Request","kind":"PowerAppV2","inputs":{"schema":{"type":"object","properties":{},"required":[]}}}},"actions":{"HTTP":{"runAfter":{"Get_secret":["Succeeded"]},"metadata":{"operationMetadataId":"f7e32e97-9e29-4a53-815b-b07d2810dbd5"},"type":"Http","inputs":{"method":"GET","uri":"@{variables('varAPIHostURL')}/api/Get-CSOnlineDialOutPolicy?code=@{variables('varAPIKey')}","headers":{"Content-Type":"application/json"},"authentication":{"type":"ActiveDirectoryOAuth","authority":"https://login.microsoftonline.com","tenant":"@parameters('VAR | Tenant ID GUID (cr8c9_VARTenantIDGUID)')","audience":"@parameters('VAR | Audience ID GUID (cr8c9_VARAudienceIDGUID)')","clientId":"@parameters('VAR | Client ID GUID (cr8c9_VARClientIDGUID)')","secret":"@outputs('Get_secret')?['body/value']"}},"runtimeConfiguration":{"secureData":{"properties":["inputs"]}}},"Parse_JSON":{"runAfter":{"HTTP":["Succeeded"]},"metadata":{"operationMetadataId":"f34a1612-8b48-4009-acbd-436e2ebc65b6"},"type":"ParseJson","inputs":{"content":"@body('HTTP')","schema":{"type":"array","items":{"type":"object","properties":{"Identity":{"type":"string"}},"required":["Identity"]}}}},"Response":{"runAfter":{"Parse_JSON":["Succeeded"]},"metadata":{"operationMetadataId":"adaf830e-1efa-4dcc-a228-4cbf9102c797"},"type":"Response","kind":"Http","inputs":{"statusCode":200,"body":"@body('Parse_JSON')","schema":{"type":"array","items":{"type":"object","properties":{"Identity":{"type":"string"}},"required":["Identity"]}}}},"Initialise_varAPIKey":{"runAfter":{"Initialize_varAPIHostURL":["Succeeded"]},"metadata":{"operationMetadataId":"1f002add-d314-4ccd-9a61-346fc91e3796"},"type":"InitializeVariable","inputs":{"variables":[{"name":"varAPIKey","type":"string","value":"@parameters('VAR | API Key (cr8c9_VARAPIKey)')"}]}},"Initialize_varAPIHostURL":{"runAfter":{},"metadata":{"operationMetadataId":"f1050729-c579-46a8-afb6-7741b346cf51"},"type":"InitializeVariable","inputs":{"variables":[{"name":"varAPIHostURL","type":"string","value":"@parameters('VAR | API URL (cr8c9_varAPIurl)')"}]}},"Get_secret":{"runAfter":{"Initialise_varAPIKey":["Succeeded"]},"metadata":{"operationMetadataId":"3b3c249a-b30d-4d0d-9154-127d180612ce"},"type":"OpenApiConnection","inputs":{"host":{"connectionName":"shared_keyvault","operationId":"GetSecret","apiId":"/providers/Microsoft.PowerApps/apis/shared_keyvault"},"parameters":{"secretName":"Azure-SPN-Secret"},"authentication":"@parameters('$authentication')"},"runtimeConfiguration":{"secureData":{"properties":["inputs","outputs"]}}}}}},"schemaVersion":"1.0.0.0"}