{"properties":{"connectionReferences":{"shared_keyvault":{"runtimeSource":"invoker","connection":{"connectionReferenceLogicalName":"cr8c9_sharedkeyvault_348cf"},"api":{"name":"shared_keyvault"}}},"definition":{"$schema":"https://schema.management.azure.com/providers/Microsoft.Logic/schemas/2016-06-01/workflowdefinition.json#","contentVersion":"1.0.0.0","parameters":{"$connections":{"defaultValue":{},"type":"Object"},"$authentication":{"defaultValue":{},"type":"SecureObject"},"VAR | API URL (cr8c9_varAPIurl)":{"defaultValue":"https://tpm-vnext-6cdgs.azurewebsites.net","type":"String","metadata":{"schemaName":"cr8c9_varAPIurl","description":"The base URL for the Azure Function API"}},"VAR | API Key (cr8c9_VARAPIKey)":{"defaultValue":"T8k9WligEt6y/armzaQiIa1O/HfNHZSFNpD4xor5XNPGlyIoXLIvkw==","type":"String","metadata":{"schemaName":"cr8c9_VARAPIKey"}},"VAR | Tenant ID GUID (cr8c9_VARTenantIDGUID)":{"defaultValue":"153017a8-f318-49c2-a8e2-463465842b89","type":"String","metadata":{"schemaName":"cr8c9_VARTenantIDGUID","description":"Your Azure AD Tenant ID"}},"VAR | Audience ID GUID (cr8c9_VARAudienceIDGUID)":{"defaultValue":"48d08c33-8a06-48a4-b0c8-36bfcc2dea1f","type":"String","metadata":{"schemaName":"cr8c9_VARAudienceIDGUID","description":"Used in HTTP AAD Authentication"}},"VAR | Client ID GUID (cr8c9_VARClientIDGUID)":{"defaultValue":"48d08c33-8a06-48a4-b0c8-36bfcc2dea1f","type":"String","metadata":{"schemaName":"cr8c9_VARClientIDGUID","description":"Client app ID"}}},"triggers":{"manual":{"metadata":{"operationMetadataId":"4c90332c-cce0-47ea-a6ec-168396536a9e"},"type":"Request","kind":"PowerAppV2","inputs":{"schema":{"type":"object","properties":{"text":{"title":"UPN","type":"string","x-ms-dynamically-added":true,"description":"UPN of user to change","x-ms-content-hint":"TEXT"}},"required":["text"]}}}},"actions":{"HTTP_-_Request_to_unassign_telephone_number_for_user":{"runAfter":{"Get_secret":["Succeeded"]},"metadata":{"operationMetadataId":"f7e32e97-9e29-4a53-815b-b07d2810dbd5"},"type":"Http","inputs":{"method":"POST","uri":"@{variables('varAPIHostURL')}/api/Set-CsOnlineVoiceUser?code=@{variables('varAPIKey')}","headers":{"Content-Type":"application/json"},"body":{"Identity":"@{triggerBody()['text']}"},"authentication":{"type":"ActiveDirectoryOAuth","authority":"https://login.microsoftonline.com","tenant":"@parameters('VAR | Tenant ID GUID (cr8c9_VARTenantIDGUID)')","audience":"@parameters('VAR | Audience ID GUID (cr8c9_VARAudienceIDGUID)')","clientId":"@parameters('VAR | Client ID GUID (cr8c9_VARClientIDGUID)')","secret":"@outputs('Get_secret')?['body/value']"},"retryPolicy":{"type":"none"}},"runtimeConfiguration":{"secureData":{"properties":["inputs"]}}},"Initialize_varAPIKey":{"runAfter":{"Initialize_varAPIHostURL":["Succeeded"]},"metadata":{"operationMetadataId":"4aae736e-e772-4442-bccb-1697cd72e704"},"type":"InitializeVariable","inputs":{"variables":[{"name":"varAPIKey","type":"string","value":"@parameters('VAR | API Key (cr8c9_VARAPIKey)')"}]}},"Respond_to_a_PowerApp_or_flow":{"runAfter":{"HTTP_-_Request_to_unassign_telephone_number_for_user":["Succeeded","Failed","TimedOut","Skipped"]},"metadata":{"operationMetadataId":"7a1a15e7-81fe-49b4-a966-82c65cde011d"},"type":"Response","kind":"PowerApp","inputs":{"statusCode":200,"body":{"responsestatuscode":"@{outputs('HTTP_-_Request_to_unassign_telephone_number_for_user')['statusCode']}"},"schema":{"type":"object","properties":{"responsestatuscode":{"title":"ResponseStatusCOde","x-ms-dynamically-added":true,"type":"string"}}}}},"Initialize_varAPIHostURL":{"runAfter":{"Initialize_varResultStatusCode":["Succeeded"]},"metadata":{"operationMetadataId":"be22590f-02e6-48fd-932f-d676f8467663"},"type":"InitializeVariable","inputs":{"variables":[{"name":"varAPIHostURL","type":"string","value":"@parameters('VAR | API URL (cr8c9_varAPIurl)')"}]}},"Initialize_varResultStatusCode":{"runAfter":{},"metadata":{"operationMetadataId":"cfcff135-b337-4885-b6c2-cd67cab33443"},"type":"InitializeVariable","inputs":{"variables":[{"name":"varResultStatusCode","type":"string"}]}},"Get_secret":{"runAfter":{"Initialize_varAPIKey":["Succeeded"]},"metadata":{"operationMetadataId":"ba50c56d-ea6d-4ff1-80f4-8b7c67a16f26"},"type":"OpenApiConnection","inputs":{"host":{"connectionName":"shared_keyvault","operationId":"GetSecret","apiId":"/providers/Microsoft.PowerApps/apis/shared_keyvault"},"parameters":{"secretName":"Azure-SPN-Secret"},"authentication":"@parameters('$authentication')"},"runtimeConfiguration":{"secureData":{"properties":["inputs","outputs"]}}}}}},"schemaVersion":"1.0.0.0"}