{"properties":{"connectionReferences":{"shared_sharepointonline_1":{"runtimeSource":"invoker","connection":{"connectionReferenceLogicalName":"cr8c9_sharedsharepointonline_b47b3"},"api":{"name":"shared_sharepointonline"}}},"definition":{"$schema":"https://schema.management.azure.com/providers/Microsoft.Logic/schemas/2016-06-01/workflowdefinition.json#","contentVersion":"1.0.0.0","parameters":{"$connections":{"defaultValue":{},"type":"Object"},"$authentication":{"defaultValue":{},"type":"SecureObject"},"VAR | Phone System Admin SPO Site (cr8c9_PhoneSystemAdminSPOSite)":{"defaultValue":"https://m365x199184.sharepoint.com/sites/PhoneSystemAdmin","type":"String","metadata":{"schemaName":"cr8c9_PhoneSystemAdminSPOSite","description":"SharePoint Online site where the admin lists are created"}}},"triggers":{"manual":{"metadata":{"operationMetadataId":"5114906a-3fd3-4e67-840b-940217cd408b"},"type":"Request","kind":"Button","inputs":{"schema":{"type":"object","properties":{},"required":[]}}}},"actions":{"Enter_your_SharePoint_Online_site_URL":{"runAfter":{},"metadata":{"operationMetadataId":"16dedaef-0de3-44e0-8441-235c1bce5ad5"},"type":"InitializeVariable","inputs":{"variables":[{"name":"Site URL","type":"string","value":"@parameters('VAR | Phone System Admin SPO Site (cr8c9_PhoneSystemAdminSPOSite)')"}]},"description":"Update the SharePoint URL below to match exactly the site you have already created."},"Region_Admins_list_name":{"runAfter":{"Enter_your_SharePoint_Online_site_URL":["Succeeded"]},"metadata":{"operationMetadataId":"8e8898a3-ea10-46fd-9045-a8a470f14e8e"},"type":"InitializeVariable","inputs":{"variables":[{"name":"varRegionAdminsListName","type":"string","value":"Region Admins"}]},"description":"DO NOT CHANGE"},"Regions_to_add_to_choice_column":{"runAfter":{"Region_Admins_list_name":["Succeeded"]},"metadata":{"operationMetadataId":"36af663d-9a47-4c96-b803-dcd3e4f8dc46"},"type":"InitializeVariable","inputs":{"variables":[{"name":"varRegions","type":"string","value":"'UK','US','FR'"}]},"description":"Add regions as per the example. Make sure there is no , at the end"},"Scope_-_Create_Region_Admins_List":{"actions":{"Create_Region_Admins_SPO_list":{"runAfter":{},"metadata":{"operationMetadataId":"ccde1bfe-1fe4-4e92-94c7-b631e8e69407"},"type":"OpenApiConnection","inputs":{"host":{"connectionName":"shared_sharepointonline_1","operationId":"HttpRequest","apiId":"/providers/Microsoft.PowerApps/apis/shared_sharepointonline"},"parameters":{"dataset":"@variables('Site URL')","parameters/method":"POST","parameters/uri":"_api/web/lists","parameters/headers":{"Accept":"application/json;odata=verbose","Content-Type":"application/json"},"parameters/body":"{\n  \"AllowContentTypes\": true,\n  \"BaseTemplate\": 100,\n \"ContentTypesEnabled\": false,\n \"Description\": \"List of Regional Admins\",\n \"Title\": \"@{variables('varRegionAdminsListName')}\"\n}"},"authentication":{"type":"Raw","value":"@json(decodeBase64(triggerOutputs().headers['X-MS-APIM-Tokens']))['$ConnectionKey']"},"retryPolicy":{"type":"none"}}},"Add_Region_choice_column":{"runAfter":{"Create_Region_Admins_SPO_list":["Succeeded"]},"metadata":{"operationMetadataId":"998c8468-d6b9-40b2-abf7-b62203262306"},"type":"OpenApiConnection","inputs":{"host":{"connectionName":"shared_sharepointonline_1","operationId":"HttpRequest","apiId":"/providers/Microsoft.PowerApps/apis/shared_sharepointonline"},"parameters":{"dataset":"@variables('Site URL')","parameters/method":"POST","parameters/uri":"_api/web/lists/getbytitle('@{variables('varRegionAdminsListName')}')/Fields","parameters/headers":{"Content-Type":"application/json;odata=verbose","Accept":"application/json;odata=verbose"},"parameters/body":"{ \"__metadata\":{ \"type\": \"SP.FieldMultiChoice\"}, \n\"FieldTypeKind\": 15, \n\"InternalName\": \"Region\",\n\"Title\":\"Region\",\n\"Choices\": {\"__metadata\": { \"type\": \"Collection(Edm.String)\" },\n                    \"results\": [@{variables('varRegions')}] },\n\"FillInChoice\":false\n}"},"authentication":{"type":"Raw","value":"@json(decodeBase64(triggerOutputs().headers['X-MS-APIM-Tokens']))['$ConnectionKey']"}}},"Add_Region_column_to_the_All_Items_list_view":{"runAfter":{"Add_Region_choice_column":["Succeeded"]},"metadata":{"operationMetadataId":"22a1fbef-3767-4ca1-a25d-e1bb8c48836e"},"type":"OpenApiConnection","inputs":{"host":{"connectionName":"shared_sharepointonline_1","operationId":"HttpRequest","apiId":"/providers/Microsoft.PowerApps/apis/shared_sharepointonline"},"parameters":{"dataset":"@variables('Site URL')","parameters/method":"POST","parameters/uri":"_api/web/lists/getbytitle('@{variables('varRegionAdminsListName')}')/views/getbytitle('All Items')/ViewFields/AddViewField('Region')","parameters/headers":{"Accept":"application/json;odata=verbose","Content-Type":"application/json;odata=verbose"}},"authentication":{"type":"Raw","value":"@json(decodeBase64(triggerOutputs().headers['X-MS-APIM-Tokens']))['$ConnectionKey']"}}}},"runAfter":{"Create_array_of_text_columns_to_create_in_User-change-requests_list":["Succeeded"]},"metadata":{"operationMetadataId":"1ee99eda-ed2d-4844-96c4-37673d758d7f"},"type":"Scope"},"varUserChangeRequests":{"runAfter":{"Regions_to_add_to_choice_column":["Succeeded"]},"metadata":{"operationMetadataId":"06fc586e-08af-465e-ab47-577d375d8ab4"},"type":"InitializeVariable","inputs":{"variables":[{"name":"User change requests list name","type":"string","value":"User-change-requests"}]},"description":"DO NOT CHANGE"},"Create_array_of_text_columns_to_create_in_User-change-requests_list":{"runAfter":{"varUserChangeRequests":["Succeeded"]},"metadata":{"operationMetadataId":"9ffb0776-cdb6-4a8b-81be-0107fef2dbe3"},"type":"Compose","inputs":"@createArray(\r\nstring('UPN'), \r\nstring('CallingPolicyCurrent'),\r\nstring('CallingPolicyChangeTo'), \r\nstring('PhoneNumberCurrent'),\r\nstring('PhoneNumberChangeTo'), \r\nstring('PolicyAPIResponse'),\r\nstring('NumberChangeAPIResponse'), \r\nstring('DialoutPolicyCurrent'),\r\nstring('DialoutPolicyChangedTo')\r\n)","description":"DO NOT CHANGE"},"Scope_-_Create_User-change-requests_list":{"actions":{"Create_User-change-requests_log_SPO_list":{"runAfter":{},"metadata":{"operationMetadataId":"8c6e1f60-c02d-4414-8184-aeed42a50c69"},"type":"OpenApiConnection","inputs":{"host":{"connectionName":"shared_sharepointonline_1","operationId":"HttpRequest","apiId":"/providers/Microsoft.PowerApps/apis/shared_sharepointonline"},"parameters":{"dataset":"@variables('Site URL')","parameters/method":"POST","parameters/uri":"_api/web/lists","parameters/headers":{"Accept":"application/json;odata=verbose","Content-Type":"application/json"},"parameters/body":"{\n  \"AllowContentTypes\": true,\n  \"BaseTemplate\": 100,\n \"ContentTypesEnabled\": false,\n \"Description\": \"User change requests log\",\n \"Title\": \"@{variables('User change requests list name')}\"\n}"},"authentication":{"type":"Raw","value":"@json(decodeBase64(triggerOutputs().headers['X-MS-APIM-Tokens']))['$ConnectionKey']"}}},"Apply_to_each":{"foreach":"@outputs('Create_array_of_text_columns_to_create_in_User-change-requests_list')","actions":{"Send_an_HTTP_request_to_SharePoint":{"runAfter":{},"metadata":{"operationMetadataId":"e011d31f-2cf9-4880-9902-25afd0aed07c"},"type":"OpenApiConnection","inputs":{"host":{"connectionName":"shared_sharepointonline_1","operationId":"HttpRequest","apiId":"/providers/Microsoft.PowerApps/apis/shared_sharepointonline"},"parameters":{"dataset":"@variables('Site URL')","parameters/method":"POST","parameters/uri":"_api/web/Lists/getByTitle('@{variables('User change requests list name')}')/Fields","parameters/headers":{"Accept":"application/json;odata=verbose","Content-Type":"application/json;odata=verbose"},"parameters/body":"{\n  \"__metadata\": {\n    \"type\": \"SP.FieldText\"\n  },\n  \"FieldTypeKind\": 2,\n  \"Title\": \"@{items('Apply_to_each')}\",\n  \"Required\": \"false\",\n  \"EnforceUniqueValues\": \"false\",\n  \"StaticName\": \"@{items('Apply_to_each')}\"\n}"},"authentication":{"type":"Raw","value":"@json(decodeBase64(triggerOutputs().headers['X-MS-APIM-Tokens']))['$ConnectionKey']"}}},"Add_all_text_columns_to_the_All_Items_view":{"runAfter":{"Send_an_HTTP_request_to_SharePoint":["Succeeded"]},"metadata":{"operationMetadataId":"82dc9baa-988d-4c65-9bfb-13cc09e2aa43"},"type":"OpenApiConnection","inputs":{"host":{"connectionName":"shared_sharepointonline_1","operationId":"HttpRequest","apiId":"/providers/Microsoft.PowerApps/apis/shared_sharepointonline"},"parameters":{"dataset":"@variables('Site URL')","parameters/method":"POST","parameters/uri":"_api/web/lists/getbytitle('@{variables('User change requests list name')}')/views/getbytitle('All Items')/ViewFields/AddViewField('@{items('Apply_to_each')}')","parameters/headers":{"Accept":"application/json;odata=verbose","Content-type":"application/json;odata=verbose"}},"authentication":{"type":"Raw","value":"@json(decodeBase64(triggerOutputs().headers['X-MS-APIM-Tokens']))['$ConnectionKey']"}}}},"runAfter":{"Create_User-change-requests_log_SPO_list":["Succeeded"]},"metadata":{"operationMetadataId":"4d259996-42dc-4f91-b351-e5cd7d9fc551"},"type":"Foreach"},"Create_Boolean_Column_1":{"runAfter":{"Apply_to_each":["Succeeded"]},"metadata":{"operationMetadataId":"7341f46b-c162-4f80-8dab-ed11ecd15d67"},"type":"OpenApiConnection","inputs":{"host":{"connectionName":"shared_sharepointonline_1","operationId":"HttpRequest","apiId":"/providers/Microsoft.PowerApps/apis/shared_sharepointonline"},"parameters":{"dataset":"@variables('Site URL')","parameters/method":"POST","parameters/uri":"_api/web/Lists/getByTitle('@{variables('User change requests list name')}')/Fields","parameters/headers":{"Accept":"application/json;odata=verbose","Content-type":"application/json;odata=verbose"},"parameters/body":"{\n  \"__metadata\": {\n    \"type\": \"SP.Field\"\n  },\n  \"FieldTypeKind\": 8,\n  \"Title\": \"CallingPolicyChange\",\n  \"Required\": \"false\",\n  \"EnforceUniqueValues\": \"false\",\n  \"StaticName\": \"CallingPolicyChange\"\n}"},"authentication":{"type":"Raw","value":"@json(decodeBase64(triggerOutputs().headers['X-MS-APIM-Tokens']))['$ConnectionKey']"}}},"Create_Boolean_Column_2":{"runAfter":{"Create_Boolean_Column_1":["Succeeded"]},"metadata":{"operationMetadataId":"4996c88d-e1a4-46ab-8e00-b4449b81c827"},"type":"OpenApiConnection","inputs":{"host":{"connectionName":"shared_sharepointonline_1","operationId":"HttpRequest","apiId":"/providers/Microsoft.PowerApps/apis/shared_sharepointonline"},"parameters":{"dataset":"@variables('Site URL')","parameters/method":"POST","parameters/uri":"_api/web/Lists/getByTitle('@{variables('User change requests list name')}')/Fields","parameters/headers":{"Accept":"application/json;odata=verbose","Content-type":"application/json;odata=verbose"},"parameters/body":"{\n  \"__metadata\": {\n    \"type\": \"SP.Field\"\n  },\n  \"FieldTypeKind\": 8,\n  \"Title\": \"PhoneNumberChange\",\n  \"Required\": \"false\",\n  \"EnforceUniqueValues\": \"false\",\n  \"StaticName\": \"PhoneNumberChange\"\n}"},"authentication":{"type":"Raw","value":"@json(decodeBase64(triggerOutputs().headers['X-MS-APIM-Tokens']))['$ConnectionKey']"}}},"Create_Boolean_Column_3":{"runAfter":{"Create_Boolean_Column_2":["Succeeded"]},"metadata":{"operationMetadataId":"4b4601ad-7103-4ec5-8f71-a6e9c37f4b2d"},"type":"OpenApiConnection","inputs":{"host":{"connectionName":"shared_sharepointonline_1","operationId":"HttpRequest","apiId":"/providers/Microsoft.PowerApps/apis/shared_sharepointonline"},"parameters":{"dataset":"@variables('Site URL')","parameters/method":"POST","parameters/uri":"_api/web/Lists/getByTitle('@{variables('User change requests list name')}')/Fields","parameters/headers":{"Accept":"application/json;odata=verbose","Content-type":"application/json;odata=verbose"},"parameters/body":"{\n  \"__metadata\": {\n    \"type\": \"SP.Field\"\n  },\n  \"FieldTypeKind\": 8,\n  \"Title\": \"DialoutPolicyChange\",\n  \"Required\": \"false\",\n  \"EnforceUniqueValues\": \"false\",\n  \"StaticName\": \"DialoutPolicyChange\"\n}"},"authentication":{"type":"Raw","value":"@json(decodeBase64(triggerOutputs().headers['X-MS-APIM-Tokens']))['$ConnectionKey']"}}},"Add_Boolean_Column_1_to_All_Items_list_view":{"runAfter":{"Create_Boolean_Column_3":["Succeeded"]},"metadata":{"operationMetadataId":"be96735f-781d-4fd0-9dd8-21494a7afcc0"},"type":"OpenApiConnection","inputs":{"host":{"connectionName":"shared_sharepointonline_1","operationId":"HttpRequest","apiId":"/providers/Microsoft.PowerApps/apis/shared_sharepointonline"},"parameters":{"dataset":"@variables('Site URL')","parameters/method":"POST","parameters/uri":"_api/web/lists/getbytitle('@{variables('User change requests list name')}')/views/getbytitle('All Items')/ViewFields/AddViewField('CallingPolicyChange')","parameters/headers":{"Accept":"application/json;odata=verbose","Content-type":"application/json;odata=verbose"}},"authentication":{"type":"Raw","value":"@json(decodeBase64(triggerOutputs().headers['X-MS-APIM-Tokens']))['$ConnectionKey']"}}},"Add_Boolean_Column_2_to_All_Items_list_view":{"runAfter":{"Add_Boolean_Column_1_to_All_Items_list_view":["Succeeded"]},"metadata":{"operationMetadataId":"efab4d59-fc0c-4d1c-9eb7-25d7a32598bf"},"type":"OpenApiConnection","inputs":{"host":{"connectionName":"shared_sharepointonline_1","operationId":"HttpRequest","apiId":"/providers/Microsoft.PowerApps/apis/shared_sharepointonline"},"parameters":{"dataset":"@variables('Site URL')","parameters/method":"POST","parameters/uri":"_api/web/lists/getbytitle('@{variables('User change requests list name')}')/views/getbytitle('All Items')/ViewFields/AddViewField('PhoneNumberChange')","parameters/headers":{"Accept":"application/json;odata=verbose","Content-type":"application/json;odata=verbose"}},"authentication":{"type":"Raw","value":"@json(decodeBase64(triggerOutputs().headers['X-MS-APIM-Tokens']))['$ConnectionKey']"}}},"Add_Boolean_Column_3_to_All_Items_list_view":{"runAfter":{"Add_Boolean_Column_2_to_All_Items_list_view":["Succeeded"]},"metadata":{"operationMetadataId":"ea2f63ca-6098-4ede-b59a-9dbfebfb0e82"},"type":"OpenApiConnection","inputs":{"host":{"connectionName":"shared_sharepointonline_1","operationId":"HttpRequest","apiId":"/providers/Microsoft.PowerApps/apis/shared_sharepointonline"},"parameters":{"dataset":"@variables('Site URL')","parameters/method":"POST","parameters/uri":"_api/web/lists/getbytitle('@{variables('User change requests list name')}')/views/getbytitle('All Items')/ViewFields/AddViewField('DialoutPolicyChange')","parameters/headers":{"Accept":"application/json;odata=verbose","Content-type":"application/json;odata=verbose"}},"authentication":{"type":"Raw","value":"@json(decodeBase64(triggerOutputs().headers['X-MS-APIM-Tokens']))['$ConnectionKey']"}}}},"runAfter":{"Scope_-_Create_Region_Admins_List":["Succeeded"]},"metadata":{"operationMetadataId":"93991bb6-c3b4-4a82-850a-a0b7c6587bf4"},"type":"Scope"}}}},"schemaVersion":"1.0.0.0"}