{
  "properties": {
    "connectionReferences": {
      "shared_keyvault": {
        "runtimeSource": "invoker",
        "connection": {
          "connectionReferenceLogicalName": "cr8c9_sharedkeyvault_348cf"
        },
        "api": {
          "name": "shared_keyvault"
        }
      }
    },
    "definition": {
      "$schema": "https://schema.management.azure.com/providers/Microsoft.Logic/schemas/2016-06-01/workflowdefinition.json#",
      "contentVersion": "1.0.0.0",
      "parameters": {
        "$connections": {
          "defaultValue": {},
          "type": "Object"
        },
        "$authentication": {
          "defaultValue": {},
          "type": "SecureObject"
        },
        "VAR | API URL (cr8c9_varAPIurl)": {
          "defaultValue": "https://tpm-vnext-6cdgs.azurewebsites.net",
          "type": "String",
          "metadata": {
            "schemaName": "cr8c9_varAPIurl",
            "description": "The base URL for the Azure Function API"
          }
        },
        "VAR | API Key (cr8c9_VARAPIKey)": {
          "defaultValue": "T8k9WligEt6y/armzaQiIa1O/HfNHZSFNpD4xor5XNPGlyIoXLIvkw==",
          "type": "String",
          "metadata": {
            "schemaName": "cr8c9_VARAPIKey"
          }
        },
        "VAR | Tenant ID GUID (cr8c9_VARTenantIDGUID)": {
          "defaultValue": "153017a8-f318-49c2-a8e2-463465842b89",
          "type": "String",
          "metadata": {
            "schemaName": "cr8c9_VARTenantIDGUID",
            "description": "Your Azure AD Tenant ID"
          }
        },
        "VAR | Audience ID GUID (cr8c9_VARAudienceIDGUID)": {
          "defaultValue": "48d08c33-8a06-48a4-b0c8-36bfcc2dea1f",
          "type": "String",
          "metadata": {
            "schemaName": "cr8c9_VARAudienceIDGUID",
            "description": "Used in HTTP AAD Authentication"
          }
        },
        "VAR | Client ID GUID (cr8c9_VARClientIDGUID)": {
          "defaultValue": "48d08c33-8a06-48a4-b0c8-36bfcc2dea1f",
          "type": "String",
          "metadata": {
            "schemaName": "cr8c9_VARClientIDGUID",
            "description": "Client app ID"
          }
        }
      },
      "triggers": {
        "manual": {
          "metadata": {
            "operationMetadataId": "1c9a47fc-d270-4b6c-a21e-f55ce9a0dced"
          },
          "type": "Request",
          "kind": "PowerAppV2",
          "inputs": {
            "schema": {
              "type": "object",
              "properties": {
                "text": {
                  "title": "UPN",
                  "type": "string",
                  "x-ms-dynamically-added": true,
                  "description": "UPN",
                  "x-ms-content-hint": "TEXT"
                }
              },
              "required": [
                "text"
              ]
            }
          }
        }
      },
      "actions": {
        "HTTP": {
          "runAfter": {
            "Get_secret": [
              "Succeeded"
            ]
          },
          "metadata": {
            "operationMetadataId": "28631ddf-e984-4fc2-bc87-b97e68c92ba2"
          },
          "type": "Http",
          "inputs": {
            "method": "GET",
            "uri": "@{variables('varAPIHost')}/api/Get-UserInfos?code=@{variables('varAPIKey')}&SearchString=@{triggerBody()['text']}",
            "headers": {
              "Content-Type": "application/json"
            },
            "authentication": {
              "type": "ActiveDirectoryOAuth",
              "authority": "https://login.microsoftonline.com",
              "tenant": "@parameters('VAR | Tenant ID GUID (cr8c9_VARTenantIDGUID)')",
              "audience": "@parameters('VAR | Audience ID GUID (cr8c9_VARAudienceIDGUID)')",
              "clientId": "@parameters('VAR | Client ID GUID (cr8c9_VARClientIDGUID)')",
              "secret": "@outputs('Get_secret')?['body/value']"
            }
          }
        },
        "Respond_to_a_PowerApp_or_flow": {
          "runAfter": {
            "Parse_JSON": [
              "Succeeded"
            ]
          },
          "metadata": {
            "operationMetadataId": "31d58924-c889-43f2-85c8-2391b413030b"
          },
          "type": "Response",
          "kind": "PowerApp",
          "inputs": {
            "statusCode": 200,
            "body": {
              "userinfoobject": "@{body('HTTP')}",
              "lineuri": "@body('Parse_JSON')?['LineURI']",
              "callingplan": "@body('Parse_JSON')?['Calling Plan']",
              "voicepolicy": "@body('Parse_JSON')?['VoicePolicy']",
              "usagelocation": "@body('Parse_JSON')?['UsageLocation']",
              "entvoiceenabled": "@{body('Parse_JSON')?['EnterpriseVoiceEnabled']}",
              "teamscallingpolicy": "@body('Parse_JSON')?['TeamsCallingPolicy']",
              "teamsdialoutpolicy": "@{body('Parse_JSON')?['OnlineDialOutPolicy']}",
              "userlocation": "@{body('Parse_JSON')?['UserLocation']?['City']}, @{body('Parse_JSON')?['UserLocation']?['StateOrProvince']}. @{body('Parse_JSON')?['UserLocation']?['PostalCode']}"
            },
            "schema": {
              "type": "object",
              "properties": {
                "userinfoobject": {
                  "title": "userInfoObject",
                  "x-ms-dynamically-added": true,
                  "type": "string"
                },
                "lineuri": {
                  "title": "LineURI",
                  "x-ms-dynamically-added": true,
                  "type": "string"
                },
                "callingplan": {
                  "title": "CallingPlan",
                  "x-ms-dynamically-added": true,
                  "type": "string"
                },
                "voicepolicy": {
                  "title": "VoicePolicy",
                  "x-ms-dynamically-added": true,
                  "type": "string"
                },
                "usagelocation": {
                  "title": "UsageLocation",
                  "x-ms-dynamically-added": true,
                  "type": "string"
                },
                "entvoiceenabled": {
                  "title": "EntVoiceEnabled",
                  "x-ms-dynamically-added": true,
                  "type": "string"
                },
                "teamscallingpolicy": {
                  "title": "TeamsCallingPolicy",
                  "x-ms-dynamically-added": true,
                  "type": "string"
                },
                "teamsdialoutpolicy": {
                  "title": "TeamsDialoutPolicy",
                  "x-ms-dynamically-added": true,
                  "type": "string"
                },
                "userlocation": {
                  "title": "UserLocation",
                  "x-ms-dynamically-added": true,
                  "type": "string"
                }
              }
            }
          }
        },
        "Parse_JSON": {
          "runAfter": {
            "HTTP": [
              "Succeeded"
            ]
          },
          "metadata": {
            "operationMetadataId": "08a8c7d9-6ef6-4412-98ab-1b2478a0d3be"
          },
          "type": "ParseJson",
          "inputs": {
            "content": "@body('HTTP')",
            "schema": {
              "type": "object",
              "properties": {
                "DisplayName": {
                  "type": "string"
                },
                "UserPrincipalName": {
                  "type": "string"
                },
                "UsageLocation": {
                  "type": "string"
                },
                "EnterpriseVoiceEnabled": {
                  "type": "boolean"
                },
                "HostedVoiceMail": {},
                "LineURI": {
                  "type": "string"
                },
                "objectID": {
                  "type": "string"
                },
                "VoicePolicy": {},
                "TeamsCallingPolicy": {
                  "type": "string"
                },
                "OnlineDialOutPolicy": {
                  "type": "string"
                },
                "UserLocation": {
                  "type": "object",
                  "properties": {
                    "StateOrProvince": {
                      "type": "string"
                    },
                    "City": {
                      "type": "string"
                    },
                    "Street": {
                      "type": "string"
                    },
                    "PostalCode": {
                      "type": "string"
                    }
                  }
                }
              }
            }
          }
        },
        "Initialize_varAPIKey": {
          "runAfter": {
            "Initialize_varAPIHost": [
              "Succeeded"
            ]
          },
          "metadata": {
            "operationMetadataId": "e9a8fdd3-973b-4639-ba7b-c833c71834a3"
          },
          "type": "InitializeVariable",
          "inputs": {
            "variables": [
              {
                "name": "varAPIKey",
                "type": "string",
                "value": "@parameters('VAR | API Key (cr8c9_VARAPIKey)')"
              }
            ]
          }
        },
        "Initialize_varAPIHost": {
          "runAfter": {},
          "metadata": {
            "operationMetadataId": "4c1faad7-6d0e-4660-bbf0-4001f4c47b8c"
          },
          "type": "InitializeVariable",
          "inputs": {
            "variables": [
              {
                "name": "varAPIHost",
                "type": "string",
                "value": "@parameters('VAR | API URL (cr8c9_varAPIurl)')"
              }
            ]
          }
        },
        "Get_secret": {
          "runAfter": {
            "Initialize_varAPIKey": [
              "Succeeded"
            ]
          },
          "metadata": {
            "operationMetadataId": "3554db7d-0b00-435d-add1-d1919f2d1e48"
          },
          "type": "OpenApiConnection",
          "inputs": {
            "host": {
              "connectionName": "shared_keyvault",
              "operationId": "GetSecret",
              "apiId": "/providers/Microsoft.PowerApps/apis/shared_keyvault"
            },
            "parameters": {
              "secretName": "Azure-SPN-Secret"
            },
            "authentication": "@parameters('$authentication')"
          }
        }
      }
    }
  },
  "schemaVersion": "1.0.0.0"
}